"filename", "language", "JSON", "YAML", "XML", "TypeScript JSX", "HTML", "C++", "CMake", "Markdown", "Swift", "Ruby", "Dart", "Properties", "comment", "blank", "total"
"/Users/tjarkgomolla/Development/Flutter/pixel_quest/README.md", "Markdown", 0, 0, 0, 0, 0, 0, 0, 124, 0, 0, 0, 0, 0, 35, 159
"/Users/tjarkgomolla/Development/Flutter/pixel_quest/analysis_options.yaml", "YAML", 0, 3, 0, 0, 0, 0, 0, 0, 0, 0, 0, 0, 22, 4, 29
"/Users/tjarkgomolla/Development/Flutter/pixel_quest/android/app/src/debug/AndroidManifest.xml", "XML", 0, 0, 3, 0, 0, 0, 0, 0, 0, 0, 0, 0, 4, 1, 8
"/Users/tjarkgomolla/Development/Flutter/pixel_quest/android/app/src/main/AndroidManifest.xml", "XML", 0, 0, 34, 0, 0, 0, 0, 0, 0, 0, 0, 0, 11, 1, 46
"/Users/tjarkgomolla/Development/Flutter/pixel_quest/android/app/src/main/res/drawable-v21/launch_background.xml", "XML", 0, 0, 4, 0, 0, 0, 0, 0, 0, 0, 0, 0, 7, 2, 13
"/Users/tjarkgomolla/Development/Flutter/pixel_quest/android/app/src/main/res/drawable/launch_background.xml", "XML", 0, 0, 4, 0, 0, 0, 0, 0, 0, 0, 0, 0, 7, 2, 13
"/Users/tjarkgomolla/Development/Flutter/pixel_quest/android/app/src/main/res/mipmap-anydpi-v26/ic_launcher.xml", "XML", 0, 0, 14, 0, 0, 0, 0, 0, 0, 0, 0, 0, 0, 1, 15
"/Users/tjarkgomolla/Development/Flutter/pixel_quest/android/app/src/main/res/values-night/styles.xml", "XML", 0, 0, 9, 0, 0, 0, 0, 0, 0, 0, 0, 0, 9, 1, 19
"/Users/tjarkgomolla/Development/Flutter/pixel_quest/android/app/src/main/res/values/styles.xml", "XML", 0, 0, 9, 0, 0, 0, 0, 0, 0, 0, 0, 0, 9, 1, 19
"/Users/tjarkgomolla/Development/Flutter/pixel_quest/android/app/src/profile/AndroidManifest.xml", "XML", 0, 0, 3, 0, 0, 0, 0, 0, 0, 0, 0, 0, 4, 1, 8
"/Users/tjarkgomolla/Development/Flutter/pixel_quest/android/gradle.properties", "Properties", 0, 0, 0, 0, 0, 0, 0, 0, 0, 0, 0, 3, 0, 1, 4
"/Users/tjarkgomolla/Development/Flutter/pixel_quest/android/gradle/wrapper/gradle-wrapper.properties", "Properties", 0, 0, 0, 0, 0, 0, 0, 0, 0, 0, 0, 5, 0, 1, 6
"/Users/tjarkgomolla/Development/Flutter/pixel_quest/assets/data/characters.json", "JSON", 26, 0, 0, 0, 0, 0, 0, 0, 0, 0, 0, 0, 0, 0, 26
"/Users/tjarkgomolla/Development/Flutter/pixel_quest/assets/data/levels.json", "JSON", 132, 0, 0, 0, 0, 0, 0, 0, 0, 0, 0, 0, 0, 0, 132
"/Users/tjarkgomolla/Development/Flutter/pixel_quest/assets/data/worlds.json", "JSON", 46, 0, 0, 0, 0, 0, 0, 0, 0, 0, 0, 0, 0, 0, 46
"/Users/tjarkgomolla/Development/Flutter/pixel_quest/assets/tiles/Level_01_01.tmx", "XML", 0, 0, 203, 0, 0, 0, 0, 0, 0, 0, 0, 0, 0, 1, 204
"/Users/tjarkgomolla/Development/Flutter/pixel_quest/assets/tiles/Level_01_02.tmx", "XML", 0, 0, 552, 0, 0, 0, 0, 0, 0, 0, 0, 0, 0, 1, 553
"/Users/tjarkgomolla/Development/Flutter/pixel_quest/assets/tiles/Level_01_03.tmx", "XML", 0, 0, 369, 0, 0, 0, 0, 0, 0, 0, 0, 0, 0, 1, 370
"/Users/tjarkgomolla/Development/Flutter/pixel_quest/assets/tiles/Level_01_04.tmx", "XML", 0, 0, 372, 0, 0, 0, 0, 0, 0, 0, 0, 0, 0, 1, 373
"/Users/tjarkgomolla/Development/Flutter/pixel_quest/assets/tiles/Level_01_05.tmx", "XML", 0, 0, 482, 0, 0, 0, 0, 0, 0, 0, 0, 0, 0, 1, 483
"/Users/tjarkgomolla/Development/Flutter/pixel_quest/assets/tiles/Level_01_06.tmx", "XML", 0, 0, 461, 0, 0, 0, 0, 0, 0, 0, 0, 0, 0, 1, 462
"/Users/tjarkgomolla/Development/Flutter/pixel_quest/assets/tiles/Level_01_07.tmx", "XML", 0, 0, 636, 0, 0, 0, 0, 0, 0, 0, 0, 0, 0, 1, 637
"/Users/tjarkgomolla/Development/Flutter/pixel_quest/assets/tiles/Level_01_08.tmx", "XML", 0, 0, 577, 0, 0, 0, 0, 0, 0, 0, 0, 0, 0, 1, 578
"/Users/tjarkgomolla/Development/Flutter/pixel_quest/assets/tiles/Level_01_09.tmx", "XML", 0, 0, 630, 0, 0, 0, 0, 0, 0, 0, 0, 0, 0, 1, 631
"/Users/tjarkgomolla/Development/Flutter/pixel_quest/assets/tiles/Level_01_10.tmx", "XML", 0, 0, 464, 0, 0, 0, 0, 0, 0, 0, 0, 0, 0, 1, 465
"/Users/tjarkgomolla/Development/Flutter/pixel_quest/assets/tiles/Level_01_11.tmx", "XML", 0, 0, 650, 0, 0, 0, 0, 0, 0, 0, 0, 0, 0, 1, 651
"/Users/tjarkgomolla/Development/Flutter/pixel_quest/assets/tiles/Level_01_12.tmx", "XML", 0, 0, 605, 0, 0, 0, 0, 0, 0, 0, 0, 0, 0, 1, 606
"/Users/tjarkgomolla/Development/Flutter/pixel_quest/assets/tiles/Level_02_01.tmx", "XML", 0, 0, 31, 0, 0, 0, 0, 0, 0, 0, 0, 0, 0, 1, 32
"/Users/tjarkgomolla/Development/Flutter/pixel_quest/assets/tiles/Level_Blank.tmx", "XML", 0, 0, 30, 0, 0, 0, 0, 0, 0, 0, 0, 0, 0, 1, 31
"/Users/tjarkgomolla/Development/Flutter/pixel_quest/assets/tiles/Level_Tile.tmx", "XML", 0, 0, 14, 0, 0, 0, 0, 0, 0, 0, 0, 0, 0, 1, 15
"/Users/tjarkgomolla/Development/Flutter/pixel_quest/assets/tiles/Pixel Quest.tsx", "TypeScript JSX", 0, 0, 0, 4, 0, 0, 0, 0, 0, 0, 0, 0, 0, 1, 5
"/Users/tjarkgomolla/Development/Flutter/pixel_quest/assets/tiles/Sandbox.tmx", "XML", 0, 0, 167, 0, 0, 0, 0, 0, 0, 0, 0, 0, 0, 1, 168
"/Users/tjarkgomolla/Development/Flutter/pixel_quest/assets/tiles/Splash_Foreground.tmx", "XML", 0, 0, 32, 0, 0, 0, 0, 0, 0, 0, 0, 0, 0, 1, 33
"/Users/tjarkgomolla/Development/Flutter/pixel_quest/assets/tiles/World_Foreground.tmx", "XML", 0, 0, 48, 0, 0, 0, 0, 0, 0, 0, 0, 0, 0, 1, 49
"/Users/tjarkgomolla/Development/Flutter/pixel_quest/devtools_options.yaml", "YAML", 0, 3, 0, 0, 0, 0, 0, 0, 0, 0, 0, 0, 0, 1, 4
"/Users/tjarkgomolla/Development/Flutter/pixel_quest/ios/Podfile", "Ruby", 0, 0, 0, 0, 0, 0, 0, 0, 0, 31, 0, 0, 3, 10, 44
"/Users/tjarkgomolla/Development/Flutter/pixel_quest/ios/Runner/AppDelegate.swift", "Swift", 0, 0, 0, 0, 0, 0, 0, 0, 14, 0, 0, 0, 0, 3, 17
"/Users/tjarkgomolla/Development/Flutter/pixel_quest/ios/Runner/Assets.xcassets/AppIcon.appiconset/Contents.json", "JSON", 1, 0, 0, 0, 0, 0, 0, 0, 0, 0, 0, 0, 0, 0, 1
"/Users/tjarkgomolla/Development/Flutter/pixel_quest/ios/Runner/Assets.xcassets/LaunchImage.imageset/Contents.json", "JSON", 23, 0, 0, 0, 0, 0, 0, 0, 0, 0, 0, 0, 0, 1, 24
"/Users/tjarkgomolla/Development/Flutter/pixel_quest/ios/Runner/Assets.xcassets/LaunchImage.imageset/README.md", "Markdown", 0, 0, 0, 0, 0, 0, 0, 3, 0, 0, 0, 0, 0, 2, 5
"/Users/tjarkgomolla/Development/Flutter/pixel_quest/ios/Runner/Base.lproj/LaunchScreen.storyboard", "XML", 0, 0, 40, 0, 0, 0, 0, 0, 0, 0, 0, 0, 1, 1, 42
"/Users/tjarkgomolla/Development/Flutter/pixel_quest/ios/Runner/Base.lproj/Main.storyboard", "XML", 0, 0, 28, 0, 0, 0, 0, 0, 0, 0, 0, 0, 1, 1, 30
"/Users/tjarkgomolla/Development/Flutter/pixel_quest/ios/Runner/Runner-Bridging-Header.h", "C++", 0, 0, 0, 0, 0, 1, 0, 0, 0, 0, 0, 0, 0, 1, 2
"/Users/tjarkgomolla/Development/Flutter/pixel_quest/ios/RunnerTests/RunnerTests.swift", "Swift", 0, 0, 0, 0, 0, 0, 0, 0, 7, 0, 0, 0, 2, 4, 13
"/Users/tjarkgomolla/Development/Flutter/pixel_quest/l10n.yaml", "YAML", 0, 3, 0, 0, 0, 0, 0, 0, 0, 0, 0, 0, 0, 1, 4
"/Users/tjarkgomolla/Development/Flutter/pixel_quest/lib/app_theme.dart", "Dart", 0, 0, 0, 0, 0, 0, 0, 0, 0, 0, 121, 0, 15, 17, 153
"/Users/tjarkgomolla/Development/Flutter/pixel_quest/lib/data/audio/ambient_loop_emitter.dart", "Dart", 0, 0, 0, 0, 0, 0, 0, 0, 0, 0, 63, 0, 22, 18, 103
"/Users/tjarkgomolla/Development/Flutter/pixel_quest/lib/data/audio/ambient_loop_manager.dart", "Dart", 0, 0, 0, 0, 0, 0, 0, 0, 0, 0, 44, 0, 18, 18, 80
"/Users/tjarkgomolla/Development/Flutter/pixel_quest/lib/data/audio/audio_center.dart", "Dart", 0, 0, 0, 0, 0, 0, 0, 0, 0, 0, 282, 0, 81, 88, 451
"/Users/tjarkgomolla/Development/Flutter/pixel_quest/lib/data/audio/sounds.dart", "Dart", 0, 0, 0, 0, 0, 0, 0, 0, 0, 0, 63, 0, 8, 13, 84
"/Users/tjarkgomolla/Development/Flutter/pixel_quest/lib/data/static/metadata/level_metadata.dart", "Dart", 0, 0, 0, 0, 0, 0, 0, 0, 0, 0, 52, 0, 0, 10, 62
"/Users/tjarkgomolla/Development/Flutter/pixel_quest/lib/data/static/metadata/world_metadata.dart", "Dart", 0, 0, 0, 0, 0, 0, 0, 0, 0, 0, 49, 0, 0, 7, 56
"/Users/tjarkgomolla/Development/Flutter/pixel_quest/lib/data/static/static_center.dart", "Dart", 0, 0, 0, 0, 0, 0, 0, 0, 0, 0, 23, 0, 13, 11, 47
"/Users/tjarkgomolla/Development/Flutter/pixel_quest/lib/data/storage/entities/inventory_entity.dart", "Dart", 0, 0, 0, 0, 0, 0, 0, 0, 0, 0, 29, 0, 1, 7, 37
"/Users/tjarkgomolla/Development/Flutter/pixel_quest/lib/data/storage/entities/level_entity.dart", "Dart", 0, 0, 0, 0, 0, 0, 0, 0, 0, 0, 46, 0, 0, 8, 54
"/Users/tjarkgomolla/Development/Flutter/pixel_quest/lib/data/storage/entities/settings_entity.dart", "Dart", 0, 0, 0, 0, 0, 0, 0, 0, 0, 0, 50, 0, 1, 8, 59
"/Users/tjarkgomolla/Development/Flutter/pixel_quest/lib/data/storage/entities/world_entity.dart", "Dart", 0, 0, 0, 0, 0, 0, 0, 0, 0, 0, 17, 0, 0, 7, 24
"/Users/tjarkgomolla/Development/Flutter/pixel_quest/lib/data/storage/storage_center.dart", "Dart", 0, 0, 0, 0, 0, 0, 0, 0, 0, 0, 186, 0, 29, 36, 251
"/Users/tjarkgomolla/Development/Flutter/pixel_quest/lib/data/storage/storage_events.dart", "Dart", 0, 0, 0, 0, 0, 0, 0, 0, 0, 0, 17, 0, 0, 3, 20
"/Users/tjarkgomolla/Development/Flutter/pixel_quest/lib/game/animations/spotlight.dart", "Dart", 0, 0, 0, 0, 0, 0, 0, 0, 0, 0, 94, 0, 29, 28, 151
"/Users/tjarkgomolla/Development/Flutter/pixel_quest/lib/game/animations/star.dart", "Dart", 0, 0, 0, 0, 0, 0, 0, 0, 0, 0, 96, 0, 25, 23, 144
"/Users/tjarkgomolla/Development/Flutter/pixel_quest/lib/game/background/background.dart", "Dart", 0, 0, 0, 0, 0, 0, 0, 0, 0, 0, 3, 0, 0, 1, 4
"/Users/tjarkgomolla/Development/Flutter/pixel_quest/lib/game/background/background_choice.dart", "Dart", 0, 0, 0, 0, 0, 0, 0, 0, 0, 0, 52, 0, 12, 15, 79
"/Users/tjarkgomolla/Development/Flutter/pixel_quest/lib/game/background/background_parallax.dart", "Dart", 0, 0, 0, 0, 0, 0, 0, 0, 0, 0, 108, 0, 13, 11, 132
"/Users/tjarkgomolla/Development/Flutter/pixel_quest/lib/game/background/background_scene.dart", "Dart", 0, 0, 0, 0, 0, 0, 0, 0, 0, 0, 50, 0, 13, 16, 79
"/Users/tjarkgomolla/Development/Flutter/pixel_quest/lib/game/checkpoints/checkpoint.dart", "Dart", 0, 0, 0, 0, 0, 0, 0, 0, 0, 0, 75, 0, 20, 21, 116
"/Users/tjarkgomolla/Development/Flutter/pixel_quest/lib/game/checkpoints/finish.dart", "Dart", 0, 0, 0, 0, 0, 0, 0, 0, 0, 0, 64, 0, 13, 18, 95
"/Users/tjarkgomolla/Development/Flutter/pixel_quest/lib/game/checkpoints/start.dart", "Dart", 0, 0, 0, 0, 0, 0, 0, 0, 0, 0, 62, 0, 12, 16, 90
"/Users/tjarkgomolla/Development/Flutter/pixel_quest/lib/game/collision/collision.dart", "Dart", 0, 0, 0, 0, 0, 0, 0, 0, 0, 0, 43, 0, 13, 11, 67
"/Users/tjarkgomolla/Development/Flutter/pixel_quest/lib/game/collision/entity_collision.dart", "Dart", 0, 0, 0, 0, 0, 0, 0, 0, 0, 0, 12, 0, 15, 6, 33
"/Users/tjarkgomolla/Development/Flutter/pixel_quest/lib/game/collision/world_collision.dart", "Dart", 0, 0, 0, 0, 0, 0, 0, 0, 0, 0, 41, 0, 17, 11, 69
"/Users/tjarkgomolla/Development/Flutter/pixel_quest/lib/game/enemies/blue_bird.dart", "Dart", 0, 0, 0, 0, 0, 0, 0, 0, 0, 0, 156, 0, 29, 40, 225
"/Users/tjarkgomolla/Development/Flutter/pixel_quest/lib/game/enemies/chicken.dart", "Dart", 0, 0, 0, 0, 0, 0, 0, 0, 0, 0, 162, 0, 22, 35, 219
"/Users/tjarkgomolla/Development/Flutter/pixel_quest/lib/game/enemies/ghost.dart", "Dart", 0, 0, 0, 0, 0, 0, 0, 0, 0, 0, 208, 0, 25, 39, 272
"/Users/tjarkgomolla/Development/Flutter/pixel_quest/lib/game/enemies/ghost_particle.dart", "Dart", 0, 0, 0, 0, 0, 0, 0, 0, 0, 0, 38, 0, 10, 10, 58
"/Users/tjarkgomolla/Development/Flutter/pixel_quest/lib/game/enemies/mushroom.dart", "Dart", 0, 0, 0, 0, 0, 0, 0, 0, 0, 0, 147, 0, 25, 36, 208
"/Users/tjarkgomolla/Development/Flutter/pixel_quest/lib/game/enemies/plant.dart", "Dart", 0, 0, 0, 0, 0, 0, 0, 0, 0, 0, 138, 0, 22, 30, 190
"/Users/tjarkgomolla/Development/Flutter/pixel_quest/lib/game/enemies/plant_bullet.dart", "Dart", 0, 0, 0, 0, 0, 0, 0, 0, 0, 0, 78, 0, 12, 18, 108
"/Users/tjarkgomolla/Development/Flutter/pixel_quest/lib/game/enemies/slime.dart", "Dart", 0, 0, 0, 0, 0, 0, 0, 0, 0, 0, 160, 0, 23, 37, 220
"/Users/tjarkgomolla/Development/Flutter/pixel_quest/lib/game/enemies/slime_particle.dart", "Dart", 0, 0, 0, 0, 0, 0, 0, 0, 0, 0, 56, 0, 13, 15, 84
"/Users/tjarkgomolla/Development/Flutter/pixel_quest/lib/game/enemies/snail.dart", "Dart", 0, 0, 0, 0, 0, 0, 0, 0, 0, 0, 260, 0, 39, 57, 356
"/Users/tjarkgomolla/Development/Flutter/pixel_quest/lib/game/enemies/trunk.dart", "Dart", 0, 0, 0, 0, 0, 0, 0, 0, 0, 0, 254, 0, 48, 56, 358
"/Users/tjarkgomolla/Development/Flutter/pixel_quest/lib/game/enemies/trunk_bullet.dart", "Dart", 0, 0, 0, 0, 0, 0, 0, 0, 0, 0, 84, 0, 13, 19, 116
"/Users/tjarkgomolla/Development/Flutter/pixel_quest/lib/game/enemies/turtle.dart", "Dart", 0, 0, 0, 0, 0, 0, 0, 0, 0, 0, 136, 0, 14, 24, 174
"/Users/tjarkgomolla/Development/Flutter/pixel_quest/lib/game/events/game_event_bus.dart", "Dart", 0, 0, 0, 0, 0, 0, 0, 0, 0, 0, 64, 0, 61, 18, 143
"/Users/tjarkgomolla/Development/Flutter/pixel_quest/lib/game/events/game_events.dart", "Dart", 0, 0, 0, 0, 0, 0, 0, 0, 0, 0, 45, 0, 0, 12, 57
"/Users/tjarkgomolla/Development/Flutter/pixel_quest/lib/game/game.dart", "Dart", 0, 0, 0, 0, 0, 0, 0, 0, 0, 0, 207, 0, 32, 47, 286
"/Users/tjarkgomolla/Development/Flutter/pixel_quest/lib/game/game_router.dart", "Dart", 0, 0, 0, 0, 0, 0, 0, 0, 0, 0, 28, 0, 0, 4, 32
"/Users/tjarkgomolla/Development/Flutter/pixel_quest/lib/game/game_settings.dart", "Dart", 0, 0, 0, 0, 0, 0, 0, 0, 0, 0, 62, 0, 8, 9, 79
"/Users/tjarkgomolla/Development/Flutter/pixel_quest/lib/game/hud/game_hud.dart", "Dart", 0, 0, 0, 0, 0, 0, 0, 0, 0, 0, 186, 0, 22, 29, 237
"/Users/tjarkgomolla/Development/Flutter/pixel_quest/lib/game/hud/mini map/entity_on_mini_map.dart", "Dart", 0, 0, 0, 0, 0, 0, 0, 0, 0, 0, 58, 0, 40, 20, 118
"/Users/tjarkgomolla/Development/Flutter/pixel_quest/lib/game/hud/mini map/mini_map.dart", "Dart", 0, 0, 0, 0, 0, 0, 0, 0, 0, 0, 235, 0, 83, 43, 361
"/Users/tjarkgomolla/Development/Flutter/pixel_quest/lib/game/hud/mini map/mini_map_arrow_layer.dart", "Dart", 0, 0, 0, 0, 0, 0, 0, 0, 0, 0, 62, 0, 24, 13, 99
"/Users/tjarkgomolla/Development/Flutter/pixel_quest/lib/game/hud/mini map/mini_map_helper.dart", "Dart", 0, 0, 0, 0, 0, 0, 0, 0, 0, 0, 61, 0, 9, 12, 82
"/Users/tjarkgomolla/Development/Flutter/pixel_quest/lib/game/hud/mini map/mini_map_view.dart", "Dart", 0, 0, 0, 0, 0, 0, 0, 0, 0, 0, 162, 0, 53, 40, 255
"/Users/tjarkgomolla/Development/Flutter/pixel_quest/lib/game/hud/pause_page.dart", "Dart", 0, 0, 0, 0, 0, 0, 0, 0, 0, 0, 116, 0, 18, 25, 159
"/Users/tjarkgomolla/Development/Flutter/pixel_quest/lib/game/inventory/inventory_page.dart", "Dart", 0, 0, 0, 0, 0, 0, 0, 0, 0, 0, 142, 0, 14, 23, 179
"/Users/tjarkgomolla/Development/Flutter/pixel_quest/lib/game/level/level.dart", "Dart", 0, 0, 0, 0, 0, 0, 0, 0, 0, 0, 754, 0, 120, 118, 992
"/Users/tjarkgomolla/Development/Flutter/pixel_quest/lib/game/level/loading/loading_dummy_character.dart", "Dart", 0, 0, 0, 0, 0, 0, 0, 0, 0, 0, 106, 0, 21, 32, 159
"/Users/tjarkgomolla/Development/Flutter/pixel_quest/lib/game/level/loading/loading_overlay.dart", "Dart", 0, 0, 0, 0, 0, 0, 0, 0, 0, 0, 199, 0, 30, 49, 278
"/Users/tjarkgomolla/Development/Flutter/pixel_quest/lib/game/level/mobile controls/joystick.dart", "Dart", 0, 0, 0, 0, 0, 0, 0, 0, 0, 0, 82, 0, 13, 17, 112
"/Users/tjarkgomolla/Development/Flutter/pixel_quest/lib/game/level/mobile controls/jump_btn.dart", "Dart", 0, 0, 0, 0, 0, 0, 0, 0, 0, 0, 31, 0, 4, 6, 41
"/Users/tjarkgomolla/Development/Flutter/pixel_quest/lib/game/level/mobile controls/mobile_controls.dart", "Dart", 0, 0, 0, 0, 0, 0, 0, 0, 0, 0, 74, 0, 7, 18, 99
"/Users/tjarkgomolla/Development/Flutter/pixel_quest/lib/game/level/player/player.dart", "Dart", 0, 0, 0, 0, 0, 0, 0, 0, 0, 0, 437, 0, 86, 99, 622
"/Users/tjarkgomolla/Development/Flutter/pixel_quest/lib/game/level/player/player_effects.dart", "Dart", 0, 0, 0, 0, 0, 0, 0, 0, 0, 0, 136, 0, 41, 38, 215
"/Users/tjarkgomolla/Development/Flutter/pixel_quest/lib/game/level/player/player_hitbox_position_provider.dart.dart", "Dart", 0, 0, 0, 0, 0, 0, 0, 0, 0, 0, 11, 0, 6, 5, 22
"/Users/tjarkgomolla/Development/Flutter/pixel_quest/lib/game/level/player/player_input.dart", "Dart", 0, 0, 0, 0, 0, 0, 0, 0, 0, 0, 65, 0, 13, 13, 91
"/Users/tjarkgomolla/Development/Flutter/pixel_quest/lib/game/menu/components/character_bio.dart", "Dart", 0, 0, 0, 0, 0, 0, 0, 0, 0, 0, 80, 0, 12, 22, 114
"/Users/tjarkgomolla/Development/Flutter/pixel_quest/lib/game/menu/components/level_grid.dart", "Dart", 0, 0, 0, 0, 0, 0, 0, 0, 0, 0, 86, 0, 7, 17, 110
"/Users/tjarkgomolla/Development/Flutter/pixel_quest/lib/game/menu/components/level_tile.dart", "Dart", 0, 0, 0, 0, 0, 0, 0, 0, 0, 0, 128, 0, 13, 25, 166
"/Users/tjarkgomolla/Development/Flutter/pixel_quest/lib/game/menu/components/menu_dummy_character.dart", "Dart", 0, 0, 0, 0, 0, 0, 0, 0, 0, 0, 128, 0, 40, 30, 198
"/Users/tjarkgomolla/Development/Flutter/pixel_quest/lib/game/menu/components/menu_top_bar.dart", "Dart", 0, 0, 0, 0, 0, 0, 0, 0, 0, 0, 107, 0, 12, 21, 140
"/Users/tjarkgomolla/Development/Flutter/pixel_quest/lib/game/menu/menu_page.dart", "Dart", 0, 0, 0, 0, 0, 0, 0, 0, 0, 0, 275, 0, 29, 54, 358
"/Users/tjarkgomolla/Development/Flutter/pixel_quest/lib/game/settings/confirm_page.dart", "Dart", 0, 0, 0, 0, 0, 0, 0, 0, 0, 0, 69, 0, 12, 14, 95
"/Users/tjarkgomolla/Development/Flutter/pixel_quest/lib/game/settings/settings_page.dart", "Dart", 0, 0, 0, 0, 0, 0, 0, 0, 0, 0, 209, 0, 21, 30, 260
"/Users/tjarkgomolla/Development/Flutter/pixel_quest/lib/game/shop/shop_page.dart", "Dart", 0, 0, 0, 0, 0, 0, 0, 0, 0, 0, 26, 0, 4, 6, 36
"/Users/tjarkgomolla/Development/Flutter/pixel_quest/lib/game/traps/air_particle.dart", "Dart", 0, 0, 0, 0, 0, 0, 0, 0, 0, 0, 72, 0, 20, 22, 114
"/Users/tjarkgomolla/Development/Flutter/pixel_quest/lib/game/traps/arrow_up.dart", "Dart", 0, 0, 0, 0, 0, 0, 0, 0, 0, 0, 88, 0, 14, 19, 121
"/Users/tjarkgomolla/Development/Flutter/pixel_quest/lib/game/traps/fan.dart", "Dart", 0, 0, 0, 0, 0, 0, 0, 0, 0, 0, 74, 0, 17, 17, 108
"/Users/tjarkgomolla/Development/Flutter/pixel_quest/lib/game/traps/fan_air_stream.dart", "Dart", 0, 0, 0, 0, 0, 0, 0, 0, 0, 0, 138, 0, 20, 27, 185
"/Users/tjarkgomolla/Development/Flutter/pixel_quest/lib/game/traps/fire.dart", "Dart", 0, 0, 0, 0, 0, 0, 0, 0, 0, 0, 60, 0, 16, 14, 90
"/Users/tjarkgomolla/Development/Flutter/pixel_quest/lib/game/traps/fire_trap.dart", "Dart", 0, 0, 0, 0, 0, 0, 0, 0, 0, 0, 106, 0, 30, 29, 165
"/Users/tjarkgomolla/Development/Flutter/pixel_quest/lib/game/traps/fruit.dart", "Dart", 0, 0, 0, 0, 0, 0, 0, 0, 0, 0, 77, 0, 16, 19, 112
"/Users/tjarkgomolla/Development/Flutter/pixel_quest/lib/game/traps/moving_platform.dart", "Dart", 0, 0, 0, 0, 0, 0, 0, 0, 0, 0, 163, 0, 27, 37, 227
"/Users/tjarkgomolla/Development/Flutter/pixel_quest/lib/game/traps/rock_head.dart", "Dart", 0, 0, 0, 0, 0, 0, 0, 0, 0, 0, 138, 0, 24, 30, 192
"/Users/tjarkgomolla/Development/Flutter/pixel_quest/lib/game/traps/saw.dart", "Dart", 0, 0, 0, 0, 0, 0, 0, 0, 0, 0, 136, 0, 26, 25, 187
"/Users/tjarkgomolla/Development/Flutter/pixel_quest/lib/game/traps/saw_circle_component.dart", "Dart", 0, 0, 0, 0, 0, 0, 0, 0, 0, 0, 123, 0, 36, 28, 187
"/Users/tjarkgomolla/Development/Flutter/pixel_quest/lib/game/traps/saw_circle_single_saw.dart", "Dart", 0, 0, 0, 0, 0, 0, 0, 0, 0, 0, 55, 0, 17, 13, 85
"/Users/tjarkgomolla/Development/Flutter/pixel_quest/lib/game/traps/spike_head.dart", "Dart", 0, 0, 0, 0, 0, 0, 0, 0, 0, 0, 152, 0, 17, 30, 199
"/Users/tjarkgomolla/Development/Flutter/pixel_quest/lib/game/traps/spiked_ball.dart", "Dart", 0, 0, 0, 0, 0, 0, 0, 0, 0, 0, 51, 0, 11, 14, 76
"/Users/tjarkgomolla/Development/Flutter/pixel_quest/lib/game/traps/spiked_ball_component.dart", "Dart", 0, 0, 0, 0, 0, 0, 0, 0, 0, 0, 135, 0, 27, 35, 197
"/Users/tjarkgomolla/Development/Flutter/pixel_quest/lib/game/traps/spikes.dart", "Dart", 0, 0, 0, 0, 0, 0, 0, 0, 0, 0, 65, 0, 17, 15, 97
"/Users/tjarkgomolla/Development/Flutter/pixel_quest/lib/game/traps/trampoline.dart", "Dart", 0, 0, 0, 0, 0, 0, 0, 0, 0, 0, 72, 0, 18, 21, 111
"/Users/tjarkgomolla/Development/Flutter/pixel_quest/lib/game/utils/animation_state.dart", "Dart", 0, 0, 0, 0, 0, 0, 0, 0, 0, 0, 5, 0, 5, 1, 11
"/Users/tjarkgomolla/Development/Flutter/pixel_quest/lib/game/utils/arrow_indicator.dart", "Dart", 0, 0, 0, 0, 0, 0, 0, 0, 0, 0, 28, 0, 4, 8, 40
"/Users/tjarkgomolla/Development/Flutter/pixel_quest/lib/game/utils/button.dart", "Dart", 0, 0, 0, 0, 0, 0, 0, 0, 0, 0, 579, 0, 263, 110, 952
"/Users/tjarkgomolla/Development/Flutter/pixel_quest/lib/game/utils/camera_culling.dart", "Dart", 0, 0, 0, 0, 0, 0, 0, 0, 0, 0, 11, 0, 7, 2, 20
"/Users/tjarkgomolla/Development/Flutter/pixel_quest/lib/game/utils/cancelable_effects.dart", "Dart", 0, 0, 0, 0, 0, 0, 0, 0, 0, 0, 39, 0, 57, 13, 109
"/Users/tjarkgomolla/Development/Flutter/pixel_quest/lib/game/utils/corner_outline.dart", "Dart", 0, 0, 0, 0, 0, 0, 0, 0, 0, 0, 44, 0, 6, 11, 61
"/Users/tjarkgomolla/Development/Flutter/pixel_quest/lib/game/utils/curves.dart", "Dart", 0, 0, 0, 0, 0, 0, 0, 0, 0, 0, 10, 0, 0, 3, 13
"/Users/tjarkgomolla/Development/Flutter/pixel_quest/lib/game/utils/debug_components.dart", "Dart", 0, 0, 0, 0, 0, 0, 0, 0, 0, 0, 35, 0, 23, 6, 64
"/Users/tjarkgomolla/Development/Flutter/pixel_quest/lib/game/utils/dialog_container.dart", "Dart", 0, 0, 0, 0, 0, 0, 0, 0, 0, 0, 137, 0, 25, 22, 184
"/Users/tjarkgomolla/Development/Flutter/pixel_quest/lib/game/utils/dialog_page.dart", "Dart", 0, 0, 0, 0, 0, 0, 0, 0, 0, 0, 62, 0, 13, 10, 85
"/Users/tjarkgomolla/Development/Flutter/pixel_quest/lib/game/utils/dots_indicator.dart", "Dart", 0, 0, 0, 0, 0, 0, 0, 0, 0, 0, 82, 0, 11, 19, 112
"/Users/tjarkgomolla/Development/Flutter/pixel_quest/lib/game/utils/dummy_character.dart", "Dart", 0, 0, 0, 0, 0, 0, 0, 0, 0, 0, 49, 0, 24, 10, 83
"/Users/tjarkgomolla/Development/Flutter/pixel_quest/lib/game/utils/game_safe_padding.dart", "Dart", 0, 0, 0, 0, 0, 0, 0, 0, 0, 0, 13, 0, 0, 4, 17
"/Users/tjarkgomolla/Development/Flutter/pixel_quest/lib/game/utils/grid.dart", "Dart", 0, 0, 0, 0, 0, 0, 0, 0, 0, 0, 56, 0, 41, 10, 107
"/Users/tjarkgomolla/Development/Flutter/pixel_quest/lib/game/utils/input_blocker.dart", "Dart", 0, 0, 0, 0, 0, 0, 0, 0, 0, 0, 48, 0, 6, 13, 67
"/Users/tjarkgomolla/Development/Flutter/pixel_quest/lib/game/utils/load_sprites.dart", "Dart", 0, 0, 0, 0, 0, 0, 0, 0, 0, 0, 49, 0, 14, 7, 70
"/Users/tjarkgomolla/Development/Flutter/pixel_quest/lib/game/utils/misc_utils.dart", "Dart", 0, 0, 0, 0, 0, 0, 0, 0, 0, 0, 27, 0, 8, 10, 45
"/Users/tjarkgomolla/Development/Flutter/pixel_quest/lib/game/utils/rounded_sprite_component.dart", "Dart", 0, 0, 0, 0, 0, 0, 0, 0, 0, 0, 30, 0, 2, 5, 37
"/Users/tjarkgomolla/Development/Flutter/pixel_quest/lib/game/utils/rrect.dart", "Dart", 0, 0, 0, 0, 0, 0, 0, 0, 0, 0, 21, 0, 3, 5, 29
"/Users/tjarkgomolla/Development/Flutter/pixel_quest/lib/game/utils/slider.dart", "Dart", 0, 0, 0, 0, 0, 0, 0, 0, 0, 0, 145, 0, 21, 30, 196
"/Users/tjarkgomolla/Development/Flutter/pixel_quest/lib/game/utils/sprite_row.dart", "Dart", 0, 0, 0, 0, 0, 0, 0, 0, 0, 0, 37, 0, 9, 6, 52
"/Users/tjarkgomolla/Development/Flutter/pixel_quest/lib/game/utils/swipe_handler.dart", "Dart", 0, 0, 0, 0, 0, 0, 0, 0, 0, 0, 82, 0, 38, 29, 149
"/Users/tjarkgomolla/Development/Flutter/pixel_quest/lib/game/utils/visible_components.dart", "Dart", 0, 0, 0, 0, 0, 0, 0, 0, 0, 0, 86, 0, 12, 10, 108
"/Users/tjarkgomolla/Development/Flutter/pixel_quest/lib/game/utils/warm_up.dart", "Dart", 0, 0, 0, 0, 0, 0, 0, 0, 0, 0, 53, 0, 6, 12, 71
"/Users/tjarkgomolla/Development/Flutter/pixel_quest/lib/l10n/app_localizations.dart", "Dart", 0, 0, 0, 0, 0, 0, 0, 0, 0, 0, 101, 0, 248, 62, 411
"/Users/tjarkgomolla/Development/Flutter/pixel_quest/lib/l10n/app_localizations_de.dart", "Dart", 0, 0, 0, 0, 0, 0, 0, 0, 0, 0, 101, 0, 3, 49, 153
"/Users/tjarkgomolla/Development/Flutter/pixel_quest/lib/l10n/app_localizations_en.dart", "Dart", 0, 0, 0, 0, 0, 0, 0, 0, 0, 0, 101, 0, 3, 49, 153
"/Users/tjarkgomolla/Development/Flutter/pixel_quest/lib/l10n/app_localizations_extensions.dart", "Dart", 0, 0, 0, 0, 0, 0, 0, 0, 0, 0, 17, 0, 0, 3, 20
"/Users/tjarkgomolla/Development/Flutter/pixel_quest/lib/main.dart", "Dart", 0, 0, 0, 0, 0, 0, 0, 0, 0, 0, 89, 0, 5, 20, 114
"/Users/tjarkgomolla/Development/Flutter/pixel_quest/lib/splash/flutter extensions/build_context.dart", "Dart", 0, 0, 0, 0, 0, 0, 0, 0, 0, 0, 7, 0, 0, 2, 9
"/Users/tjarkgomolla/Development/Flutter/pixel_quest/lib/splash/flutter extensions/int_double_extensions.dart", "Dart", 0, 0, 0, 0, 0, 0, 0, 0, 0, 0, 9, 0, 0, 3, 12
"/Users/tjarkgomolla/Development/Flutter/pixel_quest/lib/splash/splash_screen.dart", "Dart", 0, 0, 0, 0, 0, 0, 0, 0, 0, 0, 57, 0, 5, 8, 70
"/Users/tjarkgomolla/Development/Flutter/pixel_quest/lib/splash/widgets/animated_stars.dart", "Dart", 0, 0, 0, 0, 0, 0, 0, 0, 0, 0, 74, 0, 2, 10, 86
"/Users/tjarkgomolla/Development/Flutter/pixel_quest/lib/splash/widgets/developer_logo.dart", "Dart", 0, 0, 0, 0, 0, 0, 0, 0, 0, 0, 41, 0, 0, 6, 47
"/Users/tjarkgomolla/Development/Flutter/pixel_quest/lib/splash/widgets/loading_dots.dart", "Dart", 0, 0, 0, 0, 0, 0, 0, 0, 0, 0, 72, 0, 1, 10, 83
"/Users/tjarkgomolla/Development/Flutter/pixel_quest/lib/splash/widgets/splash_content.dart", "Dart", 0, 0, 0, 0, 0, 0, 0, 0, 0, 0, 47, 0, 4, 4, 55
"/Users/tjarkgomolla/Development/Flutter/pixel_quest/linux/CMakeLists.txt", "CMake", 0, 0, 0, 0, 0, 0, 104, 0, 0, 0, 0, 0, 0, 25, 129
"/Users/tjarkgomolla/Development/Flutter/pixel_quest/linux/flutter/CMakeLists.txt", "CMake", 0, 0, 0, 0, 0, 0, 79, 0, 0, 0, 0, 0, 0, 10, 89
"/Users/tjarkgomolla/Development/Flutter/pixel_quest/linux/flutter/generated_plugin_registrant.cc", "C++", 0, 0, 0, 0, 0, 7, 0, 0, 0, 0, 0, 0, 4, 5, 16
"/Users/tjarkgomolla/Development/Flutter/pixel_quest/linux/flutter/generated_plugin_registrant.h", "C++", 0, 0, 0, 0, 0, 5, 0, 0, 0, 0, 0, 0, 5, 6, 16
"/Users/tjarkgomolla/Development/Flutter/pixel_quest/linux/flutter/generated_plugins.cmake", "CMake", 0, 0, 0, 0, 0, 0, 19, 0, 0, 0, 0, 0, 0, 6, 25
"/Users/tjarkgomolla/Development/Flutter/pixel_quest/linux/runner/CMakeLists.txt", "CMake", 0, 0, 0, 0, 0, 0, 21, 0, 0, 0, 0, 0, 0, 6, 27
"/Users/tjarkgomolla/Development/Flutter/pixel_quest/linux/runner/main.cc", "C++", 0, 0, 0, 0, 0, 5, 0, 0, 0, 0, 0, 0, 0, 2, 7
"/Users/tjarkgomolla/Development/Flutter/pixel_quest/linux/runner/my_application.cc", "C++", 0, 0, 0, 0, 0, 83, 0, 0, 0, 0, 0, 0, 21, 27, 131
"/Users/tjarkgomolla/Development/Flutter/pixel_quest/linux/runner/my_application.h", "C++", 0, 0, 0, 0, 0, 7, 0, 0, 0, 0, 0, 0, 7, 5, 19
"/Users/tjarkgomolla/Development/Flutter/pixel_quest/macos/Flutter/GeneratedPluginRegistrant.swift", "Swift", 0, 0, 0, 0, 0, 0, 0, 0, 8, 0, 0, 0, 3, 4, 15
"/Users/tjarkgomolla/Development/Flutter/pixel_quest/macos/Podfile", "Ruby", 0, 0, 0, 0, 0, 0, 0, 0, 0, 32, 0, 0, 1, 10, 43
"/Users/tjarkgomolla/Development/Flutter/pixel_quest/macos/Runner/AppDelegate.swift", "Swift", 0, 0, 0, 0, 0, 0, 0, 0, 11, 0, 0, 0, 0, 3, 14
"/Users/tjarkgomolla/Development/Flutter/pixel_quest/macos/Runner/Assets.xcassets/AppIcon.appiconset/Contents.json", "JSON", 68, 0, 0, 0, 0, 0, 0, 0, 0, 0, 0, 0, 0, 1, 69
"/Users/tjarkgomolla/Development/Flutter/pixel_quest/macos/Runner/Base.lproj/MainMenu.xib", "XML", 0, 0, 343, 0, 0, 0, 0, 0, 0, 0, 0, 0, 0, 1, 344
"/Users/tjarkgomolla/Development/Flutter/pixel_quest/macos/Runner/MainFlutterWindow.swift", "Swift", 0, 0, 0, 0, 0, 0, 0, 0, 12, 0, 0, 0, 0, 4, 16
"/Users/tjarkgomolla/Development/Flutter/pixel_quest/macos/RunnerTests/RunnerTests.swift", "Swift", 0, 0, 0, 0, 0, 0, 0, 0, 7, 0, 0, 0, 2, 4, 13
"/Users/tjarkgomolla/Development/Flutter/pixel_quest/pubspec.yaml", "YAML", 0, 87, 0, 0, 0, 0, 0, 0, 0, 0, 0, 0, 46, 17, 150
"/Users/tjarkgomolla/Development/Flutter/pixel_quest/web/index.html", "HTML", 0, 0, 0, 0, 19, 0, 0, 0, 0, 0, 0, 0, 15, 5, 39
"/Users/tjarkgomolla/Development/Flutter/pixel_quest/web/manifest.json", "JSON", 35, 0, 0, 0, 0, 0, 0, 0, 0, 0, 0, 0, 0, 1, 36
"/Users/tjarkgomolla/Development/Flutter/pixel_quest/windows/CMakeLists.txt", "CMake", 0, 0, 0, 0, 0, 0, 89, 0, 0, 0, 0, 0, 0, 20, 109
"/Users/tjarkgomolla/Development/Flutter/pixel_quest/windows/flutter/CMakeLists.txt", "CMake", 0, 0, 0, 0, 0, 0, 98, 0, 0, 0, 0, 0, 0, 12, 110
"/Users/tjarkgomolla/Development/Flutter/pixel_quest/windows/flutter/generated_plugin_registrant.cc", "C++", 0, 0, 0, 0, 0, 6, 0, 0, 0, 0, 0, 0, 4, 5, 15
"/Users/tjarkgomolla/Development/Flutter/pixel_quest/windows/flutter/generated_plugin_registrant.h", "C++", 0, 0, 0, 0, 0, 5, 0, 0, 0, 0, 0, 0, 5, 6, 16
"/Users/tjarkgomolla/Development/Flutter/pixel_quest/windows/flutter/generated_plugins.cmake", "CMake", 0, 0, 0, 0, 0, 0, 19, 0, 0, 0, 0, 0, 0, 6, 25
"/Users/tjarkgomolla/Development/Flutter/pixel_quest/windows/runner/CMakeLists.txt", "CMake", 0, 0, 0, 0, 0, 0, 34, 0, 0, 0, 0, 0, 0, 7, 41
"/Users/tjarkgomolla/Development/Flutter/pixel_quest/windows/runner/flutter_window.cpp", "C++", 0, 0, 0, 0, 0, 49, 0, 0, 0, 0, 0, 0, 7, 16, 72
"/Users/tjarkgomolla/Development/Flutter/pixel_quest/windows/runner/flutter_window.h", "C++", 0, 0, 0, 0, 0, 20, 0, 0, 0, 0, 0, 0, 5, 9, 34
"/Users/tjarkgomolla/Development/Flutter/pixel_quest/windows/runner/main.cpp", "C++", 0, 0, 0, 0, 0, 30, 0, 0, 0, 0, 0, 0, 4, 10, 44
"/Users/tjarkgomolla/Development/Flutter/pixel_quest/windows/runner/resource.h", "C++", 0, 0, 0, 0, 0, 9, 0, 0, 0, 0, 0, 0, 6, 2, 17
"/Users/tjarkgomolla/Development/Flutter/pixel_quest/windows/runner/utils.cpp", "C++", 0, 0, 0, 0, 0, 54, 0, 0, 0, 0, 0, 0, 2, 10, 66
"/Users/tjarkgomolla/Development/Flutter/pixel_quest/windows/runner/utils.h", "C++", 0, 0, 0, 0, 0, 8, 0, 0, 0, 0, 0, 0, 6, 6, 20
"/Users/tjarkgomolla/Development/Flutter/pixel_quest/windows/runner/win32_window.cpp", "C++", 0, 0, 0, 0, 0, 210, 0, 0, 0, 0, 0, 0, 24, 55, 289
"/Users/tjarkgomolla/Development/Flutter/pixel_quest/windows/runner/win32_window.h", "C++", 0, 0, 0, 0, 0, 48, 0, 0, 0, 0, 0, 0, 31, 24, 103
"Total", "-", 331, 96, 6814, 4, 19, 547, 463, 127, 59, 63, 12199, 8, 3020, 3155, 26905